date,penalty,pesel
12-03-2020,100,98080684791
11-03-2020,200,87011155763
13-02-2020,100,91022435161
20-04-2020,250,98080684791
21-03-2020,300,98080684791
03-02-2020,100,91022435161
12-05-2020,50,98080684791
09-01-2020,600,95122042461
29-07-2020,150,96051028872
15-02-2020,250,98080684791
18-09-2020,200,99040397546
14-02-2020,100,87100425157
