pesel,name,surname
98080684791,Tom,Thomas
59091982838,John,Johnson
96051028872,John,Thompson
90103167652,Simon,Anderson
87100425157,Peter,Paterson
95122042461,Sally,Robertson
89033145627,Teresa,Turner
99040397546,Emily,Foster
87011155763,Elena,Stark
91022435161,Sabrina,Santos